"placeName","kakaoPlaceId","isIndoor","walkHard","isNa","primaryType","primaryTypeName","collectionTypes","skinTreatmentConfidence","skinTreatmentSignals","categoryName","categoryGroupCode","categoryGroupName","phone","addressName","roadAddressName","mapX","mapY","placeUrl"
"2448아트스페이스","1188191076",1,2,0,"cultural_facility","문화시설","cultural_facility","","","문화,예술 > 문화시설 > 미술관","CT1","문화시설","02-554-6106","서울 강남구 도곡동 454-8","서울 강남구 논현로24길 48","127.0466287132","37.4829885772","http://place.map.kakao.com/1188191076"
"313 아트 프로젝트 청담 스페이스","12121278",1,2,0,"cultural_facility","문화시설","cultural_facility","","","문화,예술 > 문화시설 > 전시관","CT1","문화시설","02-3446-3137","서울 강남구 청담동 82","서울 강남구 압구정로60길 11","127.0422199955","37.5265439317","http://place.map.kakao.com/12121278"
"4233마음센터 압구정점","630855399",1,1,0,"cultural_facility","문화시설","cultural_facility","","","문화,예술 > 문화시설 > 전시관","CT1","문화시설","","서울 강남구 신사동 644-6","서울 강남구 언주로170길 22","127.0354096201","37.52660924","http://place.map.kakao.com/630855399"
"CGV 강남","10811159",1,1,0,"cultural_facility","문화시설","cultural_facility","","","문화,예술 > 영화,영상 > 영화관 > CGV","CT1","문화시설","1544-1122","서울 강남구 역삼동 814-6","서울 강남구 강남대로 438","127.0263911771","37.5016573945","http://place.map.kakao.com/10811159"
"CGV 압구정","2017438478",1,1,0,"cultural_facility","문화시설","cultural_facility","","","문화,예술 > 영화,영상 > 영화관 > CGV","CT1","문화시설","1544-1122","서울 강남구 신사동 602","서울 강남구 압구정로30길 45","127.0294015422","37.524349373","http://place.map.kakao.com/2017438478"
"CGV 청담씨네시티","14718298",1,1,0,"cultural_facility","문화시설","cultural_facility","","","문화,예술 > 영화,영상 > 영화관 > CGV","CT1","문화시설","1544-1122","서울 강남구 신사동 651-21","서울 강남구 도산대로 323","127.0370323551","37.5229506731","http://place.map.kakao.com/14718298"
"CGV씨네드쉐프 압구정","7973004",1,1,0,"cultural_facility","문화시설","cultural_facility","","","문화,예술 > 영화,영상 > 영화관 > CGV","CT1","문화시설","02-3446-0541","서울 강남구 신사동 602","서울 강남구 압구정로30길 45","127.0292748294","37.5243205724","http://place.map.kakao.com/7973004"
"CHRISS&CO 갤러리","1224225266",1,2,0,"cultural_facility","문화시설","cultural_facility","","","문화,예술 > 문화시설 > 미술관","CT1","문화시설","","서울 강남구 신사동 624-17","서울 강남구 언주로165길 7-6","127.0322641242","37.5254757796","http://place.map.kakao.com/1224225266"
"GS아트센터","312975024",1,1,0,"cultural_facility","문화시설","cultural_facility","","","문화,예술 > 문화시설 > 공연장,연극극장","CT1","문화시설","02-2005-0101","서울 강남구 역삼동 679","서울 강남구 논현로 508","127.0375355461","37.5022003886","http://place.map.kakao.com/312975024"
"G갤러리","2002497159",1,2,0,"cultural_facility","문화시설","cultural_facility","","","문화,예술 > 문화시설 > 미술관","CT1","문화시설","02-790-4921","서울 강남구 청담동 62-35","서울 강남구 삼성로 748","127.0489052309","37.5219624587","http://place.map.kakao.com/2002497159"
"KT&G 상상마당 대치아트홀","8476401",1,1,0,"cultural_facility","문화시설","cultural_facility","","","문화,예술 > 문화시설 > 공연장,연극극장","CT1","문화시설","02-3404-4311","서울 강남구 대치동 1002","서울 강남구 영동대로 416","127.0651500157","37.5067600874","http://place.map.kakao.com/8476401"
"K현대미술관","154429973",1,3,0,"cultural_facility","문화시설","cultural_facility","","","문화,예술 > 문화시설 > 미술관","CT1","문화시설","02-2138-0952","서울 강남구 신사동 666-7","서울 강남구 선릉로 807","127.0391332376","37.5243498832","http://place.map.kakao.com/154429973"
"PS로이","700972237",1,1,0,"cultural_facility","문화시설","cultural_facility","","","문화,예술 > 문화시설 > 미술관","CT1","문화시설","02-514-9404","서울 강남구 신사동 648-23","서울 강남구 압구정로46길 71-1","127.036819118","37.5241058249","http://place.map.kakao.com/700972237"
"강남문화원","8674873",1,1,0,"cultural_facility","문화시설","cultural_facility","","","문화,예술 > 문화시설 > 문화원","CT1","문화시설","02-3454-1519","서울 강남구 논현동 40-5","서울 강남구 논현로131길 40","127.0271058028","37.5138469282","http://place.map.kakao.com/8674873"
"강남씨어터","26562481",1,1,0,"cultural_facility","문화시설","cultural_facility","","","문화,예술 > 문화시설 > 공연장,연극극장","CT1","문화시설","","서울 강남구 역삼동 829-20","서울 강남구 역삼로7길 16","127.0332338526","37.4953612375","http://place.map.kakao.com/26562481"
"개오망크리에이티브스튜디오","2041523416",1,2,0,"cultural_facility","문화시설","cultural_facility","","","문화,예술 > 문화시설 > 전시관","CT1","문화시설","","서울 강남구 신사동 526-10","서울 강남구 압구정로2길 11","127.0197272109","37.5209464961","http://place.map.kakao.com/2041523416"
"갤러리 X2","215080749",1,2,0,"cultural_facility","문화시설","cultural_facility","","","문화,예술 > 문화시설 > 미술관","CT1","문화시설","02-6207-5930","서울 강남구 논현동 125-7","서울 강남구 학동로 146","127.0269266175","37.5125369092","http://place.map.kakao.com/215080749"
"갤러리 오 스퀘어","2121601213",1,2,0,"cultural_facility","문화시설","cultural_facility","","","문화,예술 > 문화시설 > 미술관","CT1","문화시설","02-511-5552","서울 강남구 도곡동 425","서울 강남구 논현로 136","127.0432350304","37.4818897361","http://place.map.kakao.com/2121601213"
"갤러리1707","919199057",1,2,0,"cultural_facility","문화시설","cultural_facility","","","문화,예술 > 문화시설 > 미술관","CT1","문화시설","","서울 강남구 신사동 583-3","서울 강남구 논현로 841","127.0277441323","37.5240560472","http://place.map.kakao.com/919199057"
"갤러리9.5서울","310484607",1,2,0,"cultural_facility","문화시설","cultural_facility","","","문화,예술 > 문화시설 > 미술관","CT1","문화시설","02-542-2395","서울 강남구 신사동 561-19","서울 강남구 도산대로 153","127.0252253335","37.5188668358","http://place.map.kakao.com/310484607"
"갤러리PAL","1701198400",1,2,0,"cultural_facility","문화시설","cultural_facility","","","문화,예술 > 문화시설 > 전시관","CT1","문화시설","","서울 강남구 신사동 600-8","서울 강남구 논현로164길 21","127.0299894313","37.5234302027","http://place.map.kakao.com/1701198400"
"갤러리그라프","780187968",1,2,0,"cultural_facility","문화시설","cultural_facility","","","문화,예술 > 문화시설 > 미술관","CT1","문화시설","02-566-0308","서울 강남구 청담동 6-2","서울 강남구 삼성로149길 10","127.0467093324","37.5234788339","http://place.map.kakao.com/780187968"
"갤러리디아르테","378363156",1,2,0,"cultural_facility","문화시설","cultural_facility","","","문화,예술 > 문화시설 > 미술관","CT1","문화시설","","서울 강남구 청담동 70-16","서울 강남구 영동대로131길 14","127.055134997","37.5205559526","http://place.map.kakao.com/378363156"
"갤러리북과바디","1974263843",1,2,0,"cultural_facility","문화시설","cultural_facility","","","문화,예술 > 문화시설 > 전시관","CT1","문화시설","070-8028-4236","서울 강남구 논현동 111-24","서울 강남구 선릉로133길 4","127.0404236067","37.5183616543","http://place.map.kakao.com/1974263843"
"갤러리스탠","439578454",1,2,0,"cultural_facility","문화시설","cultural_facility","","","문화,예술 > 문화시설 > 전시관","CT1","문화시설","","서울 강남구 논현동 149-35","서울 강남구 학동로12길 45","127.0278011554","37.5100508355","http://place.map.kakao.com/439578454"
"갤러리엘르","17809749",1,2,0,"cultural_facility","문화시설","cultural_facility","","","문화,예술 > 문화시설 > 미술관","CT1","문화시설","02-790-2138","서울 강남구 역삼동 652-3","서울 강남구 봉은사로 224","127.0369253701","37.5078606962","http://place.map.kakao.com/17809749"
"갤러리피치","12728199",1,2,0,"cultural_facility","문화시설","cultural_facility","","","문화,예술 > 문화시설 > 미술관","CT1","문화시설","","서울 강남구 청담동 122-22","서울 강남구 도산대로87길 25","127.050161572","37.5263552193","http://place.map.kakao.com/12728199"
"경운박물관","27158717",1,3,0,"cultural_facility","문화시설","cultural_facility","","","문화,예술 > 문화시설 > 박물관","CT1","문화시설","02-3463-1336","서울 강남구 개포동 152","서울 강남구 삼성로 29","127.0660562412","37.4878384501","http://place.map.kakao.com/27158717"
"광림아트센터","22555870",1,2,0,"cultural_facility","문화시설","cultural_facility","","","문화,예술 > 문화시설 > 공연장,연극극장","CT1","문화시설","02-2056-5787","서울 강남구 신사동 568-2","서울 강남구 논현로163길 33","127.02529944","37.5239340598","http://place.map.kakao.com/22555870"
"광야아트센터","231669168",1,1,0,"cultural_facility","문화시설","cultural_facility","","","문화,예술 > 문화시설 > 공연장,연극극장","CT1","문화시설","02-741-9182","서울 강남구 청담동 86","서울 강남구 선릉로 806","127.0396448913","37.5238904716","http://place.map.kakao.com/231669168"
"국립관세박물관","12663808",1,2,0,"cultural_facility","문화시설","cultural_facility","","","문화,예술 > 문화시설 > 박물관","CT1","문화시설","02-510-1083","서울 강남구 논현동 71","서울 강남구 언주로 721","127.0345347623","37.5184554252","http://place.map.kakao.com/12663808"
"글로벌세아 아트스페이스","394772479",1,2,0,"cultural_facility","문화시설","cultural_facility","","","문화,예술 > 문화시설 > 미술관","CT1","문화시설","02-6252-7777","서울 강남구 대치동 983-1","서울 강남구 영동대로 325","127.0654953308","37.5032892244","http://place.map.kakao.com/394772479"
"나스컨템포러리","751594927",1,2,0,"cultural_facility","문화시설","cultural_facility","","","문화,예술 > 문화시설 > 미술관","CT1","문화시설","02-2138-0201","서울 강남구 도곡동 451-6","서울 강남구 논현로24길 21","127.0447615003","37.4821054098","http://place.map.kakao.com/751594927"
"도산공원 도산안창호기념관","12728828",0,5,0,"cultural_facility","문화시설","cultural_facility","","","문화,예술 > 문화시설 > 기념관","CT1","문화시설","02-541-1800","서울 강남구 신사동 649-9","서울 강남구 도산대로45길 20","127.0355078999","37.5239206199","http://place.map.kakao.com/12728828"
"동원갤러리","1643982041",1,2,0,"cultural_facility","문화시설","cultural_facility","","","문화,예술 > 문화시설 > 전시관","CT1","문화시설","","서울 강남구 신사동 634-10","서울 강남구 언주로 844","127.0337235567","37.5256546713","http://place.map.kakao.com/1643982041"
"레드루즈씨어터","1860262328",1,1,0,"cultural_facility","문화시설","cultural_facility","","","문화,예술 > 문화시설 > 공연장,연극극장","CT1","문화시설","","서울 강남구 논현동 164-14","서울 강남구 학동로2길 56","127.0235929955","37.507947004","http://place.map.kakao.com/1860262328"
"롯데시네마 도곡","1913617889",1,1,0,"cultural_facility","문화시설","cultural_facility","","","문화,예술 > 영화,영상 > 영화관 > 롯데시네마","CT1","문화시설","1544-8855","서울 강남구 도곡동 174-3","서울 강남구 남부순환로 2753","127.0471052677","37.4874745085","http://place.map.kakao.com/1913617889"
"마이아트뮤지엄","1330284658",1,3,0,"cultural_facility","문화시설","cultural_facility","","","문화,예술 > 문화시설 > 미술관","CT1","문화시설","02-567-8878","서울 강남구 대치동 944-31","서울 강남구 테헤란로 518","127.0605769286","37.5075878416","http://place.map.kakao.com/1330284658"
"맥인아트","2069832301",1,2,0,"cultural_facility","문화시설","cultural_facility","","","문화,예술 > 문화시설 > 전시관","CT1","문화시설","0507-1415-6532","서울 강남구 삼성동 159","서울 강남구 영동대로 513","127.0588670109","37.5121252637","http://place.map.kakao.com/2069832301"
"메가박스 코엑스","7877178",1,1,0,"cultural_facility","문화시설","cultural_facility","","","문화,예술 > 영화,영상 > 영화관 > 메가박스","CT1","문화시설","1544-0070","서울 강남구 삼성동 159","서울 강남구 영동대로 513","127.0588403523","37.5127460688","http://place.map.kakao.com/7877178"
"메가박스 픽쳐하우스","1021343999",1,1,0,"cultural_facility","문화시설","cultural_facility","","","문화,예술 > 영화,영상 > 영화관 > 메가박스","CT1","문화시설","1544-0070","서울 강남구 신사동 532-1","서울 강남구 압구정로10길 9","127.0220241718","37.5229877624","http://place.map.kakao.com/1021343999"
"메타갤러리라루나","1377263828",1,2,0,"cultural_facility","문화시설","cultural_facility","","","문화,예술 > 문화시설 > 전시관","CT1","문화시설","010-8793-7380","서울 강남구 청담동 112-27","서울 강남구 도산대로85길 41","127.0496372894","37.5273177108","http://place.map.kakao.com/1377263828"
"모노플렉스 바이 이비스스타일 앰배서더 강남","1072118783",1,1,0,"cultural_facility","문화시설","cultural_facility","","","문화,예술 > 영화,영상 > 영화관","CT1","문화시설","02-3011-8888","서울 강남구 대치동 893-1","서울 강남구 삼성로 431","127.0570666478","37.5051100237","http://place.map.kakao.com/1072118783"
"민속극장풍류","11293855",1,1,0,"cultural_facility","문화시설","cultural_facility","","","문화,예술 > 문화시설 > 공연장,연극극장","CT1","문화시설","02-3011-2173","서울 강남구 삼성동 112-2","서울 강남구 봉은사로 406","127.0446198596","37.51009073","http://place.map.kakao.com/11293855"
"밀알미술관","9011937",1,4,0,"cultural_facility","문화시설","cultural_facility","","","문화,예술 > 문화시설 > 미술관","CT1","문화시설","02-3412-0061","서울 강남구 일원동 713","서울 강남구 일원로 90","127.0826979713","37.4856979908","http://place.map.kakao.com/9011937"
"백암아트홀","17165962",1,1,0,"cultural_facility","문화시설","cultural_facility","","","문화,예술 > 문화시설 > 공연장,연극극장","CT1","문화시설","02-559-1333","서울 강남구 삼성동 170-5","서울 강남구 테헤란로113길 7","127.0659946949","37.5104140934","http://place.map.kakao.com/17165962"
"선릉아트홀","148633927",1,1,0,"cultural_facility","문화시설","cultural_facility","","","문화,예술 > 문화시설 > 공연장,연극극장","CT1","문화시설","02-553-0067","서울 강남구 역삼동 705-27","서울 강남구 테헤란로 337","127.0484574764","37.5047949132","http://place.map.kakao.com/148633927"
"성암아트홀","1006746629",1,1,0,"cultural_facility","문화시설","cultural_facility","","","문화,예술 > 문화시설 > 공연장,연극극장","CT1","문화시설","0507-1344-0826","서울 강남구 논현동 268-16","서울 강남구 선릉로111길 6","127.0430211098","37.5110535958","http://place.map.kakao.com/1006746629"
"세계골프역사박물관","24857010",1,2,0,"cultural_facility","문화시설","cultural_facility","","","문화,예술 > 문화시설 > 박물관","CT1","문화시설","02-2192-3366","서울 강남구 대치동 945-5","서울 강남구 테헤란로 528","127.0619233143","37.5081727966","http://place.map.kakao.com/24857010"
"세일아트홀","12207609",1,1,0,"cultural_facility","문화시설","cultural_facility","","","문화,예술 > 문화시설 > 공연장,연극극장","CT1","문화시설","02-555-4713","서울 강남구 역삼동 727-13","서울 강남구 논현로 414","127.0390144746","37.4972245536","http://place.map.kakao.com/12207609"
"세텍","1522398222",1,4,0,"cultural_facility","문화시설","cultural_facility","","","문화,예술 > 문화시설 > 전시관","CT1","문화시설","02-2187-4600","서울 강남구 대치동 514","서울 강남구 남부순환로 3104","127.0719298866","37.4956683767","http://place.map.kakao.com/1522398222"
"송은","12964941",1,2,0,"cultural_facility","문화시설","cultural_facility","","","문화,예술 > 문화시설 > 미술관","CT1","문화시설","02-3448-0100","서울 강남구 청담동 92-9","서울 강남구 도산대로 441","127.0441203029","37.5241627893","http://place.map.kakao.com/12964941"
"슈페리어갤러리","24917952",1,2,0,"cultural_facility","문화시설","cultural_facility","","","문화,예술 > 문화시설 > 미술관","CT1","문화시설","02-2192-3366","서울 강남구 대치동 945-5","서울 강남구 테헤란로 528","127.0619119728","37.5081349603","http://place.map.kakao.com/24917952"
"스페이스비이갤러리","16065057",1,2,0,"cultural_facility","문화시설","cultural_facility","","","문화,예술 > 문화시설 > 미술관","CT1","문화시설","02-540-0145","서울 강남구 논현동 132-22","서울 강남구 학동로26길 14","127.0294805955","37.5125047642","http://place.map.kakao.com/16065057"
"스페이스씨","8556673",1,3,0,"cultural_facility","문화시설","cultural_facility","","","문화,예술 > 문화시설 > 미술관","CT1","문화시설","02-547-9177","서울 강남구 신사동 627-10","서울 강남구 언주로 827","127.0327567743","37.5241304475","http://place.map.kakao.com/8556673"
"아뜰리에에르메스","18887741",1,2,0,"cultural_facility","문화시설","cultural_facility","","","문화,예술 > 문화시설 > 전시관","CT1","문화시설","","서울 강남구 신사동 630-26","서울 강남구 도산대로45길 7","127.0353625547","37.5227673803","http://place.map.kakao.com/18887741"
"아트301","1204870635",1,1,0,"cultural_facility","문화시설","cultural_facility","","","문화,예술 > 문화시설 > 미술관","CT1","문화시설","02-3446-5891","서울 강남구 청담동 100-4","서울 강남구 압구정로 443","127.046017859","37.5267073963","http://place.map.kakao.com/1204870635"
"아트강","551907075",1,2,0,"cultural_facility","문화시설","cultural_facility","","","문화,예술 > 문화시설 > 전시관","CT1","문화시설","010-5251-5463","서울 강남구 신사동 547-10","서울 강남구 가로수길 70-3","127.0230093951","37.5226965507","http://place.map.kakao.com/551907075"
"아트부스 서울","918602871",1,2,0,"cultural_facility","문화시설","cultural_facility","","","문화,예술 > 문화시설 > 미술관","CT1","문화시설","010-5088-1260","서울 강남구 삼성동 153-23","서울 강남구 삼성로100길 21","127.0572038921","37.510076296","http://place.map.kakao.com/918602871"
"에스파스루이비통 서울","397173731",1,3,0,"cultural_facility","문화시설","cultural_facility","","","문화,예술 > 문화시설 > 미술관","CT1","문화시설","02-3432-1854","서울 강남구 청담동 99-18","서울 강남구 압구정로 454","127.0462242123","37.5256144002","http://place.map.kakao.com/397173731"
"예림당아트홀","8027783",1,2,0,"cultural_facility","문화시설","cultural_facility","","","문화,예술 > 문화시설 > 공연장,연극극장","CT1","문화시설","","서울 강남구 역삼동 772","서울 강남구 언주로 337","127.0444338539","37.4977740555","http://place.map.kakao.com/8027783"
"오페라갤러리","16646603",1,2,0,"cultural_facility","문화시설","cultural_facility","","","문화,예술 > 문화시설 > 미술관","CT1","문화시설","02-3446-0070","서울 강남구 신사동 649-7","서울 강남구 언주로164길 24","127.0354746747","37.5254253037","http://place.map.kakao.com/16646603"
"유아트스페이스","8036293",1,2,0,"cultural_facility","문화시설","cultural_facility","","","문화,예술 > 문화시설 > 전시관","CT1","문화시설","02-544-8585","서울 강남구 청담동 101-6","서울 강남구 압구정로71길 10","127.0458293482","37.527387726","http://place.map.kakao.com/8036293"
"윤당아트홀","22045591",1,1,0,"cultural_facility","문화시설","cultural_facility","","","문화,예술 > 문화시설 > 공연장,연극극장","CT1","문화시설","02-3446-9795","서울 강남구 신사동 634-10","서울 강남구 언주로 844","127.033723577","37.5256997214","http://place.map.kakao.com/22045591"
"이유진갤러리","15292358",1,2,0,"cultural_facility","문화시설","cultural_facility","","","문화,예술 > 문화시설 > 미술관","CT1","문화시설","02-542-4964","서울 강남구 청담동 116-7","서울 강남구 압구정로77길 17","127.0476817352","37.5262913743","http://place.map.kakao.com/15292358"
"일지아트홀","17087789",1,1,0,"cultural_facility","문화시설","cultural_facility","","","문화,예술 > 문화시설 > 공연장,연극극장","CT1","문화시설","0507-1398-3365","서울 강남구 청담동 86","서울 강남구 선릉로 806","127.0396448913","37.5238904716","http://place.map.kakao.com/17087789"
"캐논갤러리","1937205899",1,2,0,"cultural_facility","문화시설","cultural_facility","","","문화,예술 > 문화시설 > 전시관","CT1","문화시설","02-6719-8700","서울 강남구 논현동 235-14","서울 강남구 봉은사로 217","127.0357628015","37.5081007212","http://place.map.kakao.com/1937205899"
"코엑스","17573702",1,4,0,"cultural_facility","문화시설","cultural_facility","","","문화,예술 > 문화시설 > 전시관","CT1","문화시설","02-6000-0114","서울 강남구 삼성동 159","서울 강남구 영동대로 513","127.0591585916","37.5118241826","http://place.map.kakao.com/17573702"
"코엑스 아쿠아리움","12860036",1,4,0,"cultural_facility","문화시설","cultural_facility","","","문화,예술 > 문화시설 > 아쿠아리움","CT1","문화시설","02-700-7200","서울 강남구 삼성동 159","서울 강남구 영동대로 513","127.058483446","37.513409385","http://place.map.kakao.com/12860036"
"탄허기념불교박물관","12764695",1,4,0,"cultural_facility","문화시설","cultural_facility","","","문화,예술 > 문화시설 > 박물관","CT1","문화시설","02-445-8486","서울 강남구 자곡동 285","서울 강남구 밤고개로14길 13-51","127.1029845199","37.4790235972","http://place.map.kakao.com/12764695"
"트리스탄갤러리","958174593",1,2,0,"cultural_facility","문화시설","cultural_facility","","","문화,예술 > 문화시설 > 미술관","CT1","문화시설","","서울 강남구 신사동 543","서울 강남구 논현로153길 53","127.0238909527","37.5201609537","http://place.map.kakao.com/958174593"
"페로탕","1822604974",1,2,0,"cultural_facility","문화시설","cultural_facility","","","문화,예술 > 문화시설 > 미술관","CT1","문화시설","02-545-7978","서울 강남구 신사동 651","서울 강남구 도산대로45길 10","127.0357925514","37.5230303435","http://place.map.kakao.com/1822604974"
"포스코미술관","8131882",1,4,0,"cultural_facility","문화시설","cultural_facility","","","문화,예술 > 문화시설 > 미술관","CT1","문화시설","02-3457-1665","서울 강남구 대치동 892","서울 강남구 테헤란로 440","127.0557022525","37.5060378093","http://place.map.kakao.com/8131882"
"피규어뮤지엄W","26524097",1,2,0,"cultural_facility","문화시설","cultural_facility","","","문화,예술 > 문화시설 > 전시관","CT1","문화시설","02-512-8865","서울 강남구 청담동 84-9","서울 강남구 선릉로158길 3","127.0403868862","37.525785929","http://place.map.kakao.com/26524097"
"호림아트센터","26436646",1,5,0,"cultural_facility","문화시설","cultural_facility","","","문화,예술 > 문화시설 > 박물관","CT1","문화시설","02-541-3523","서울 강남구 신사동 651-23","서울 강남구 도산대로 317","127.0360457714","37.5226590534","http://place.map.kakao.com/26436646"
"히든엠갤러리","159418263",1,2,0,"cultural_facility","문화시설","cultural_facility","","","문화,예술 > 문화시설 > 전시관","CT1","문화시설","02-539-2346","서울 강남구 역삼동 725-7","서울 강남구 논현로86길 16","127.0389253307","37.4997762329","http://place.map.kakao.com/159418263"
"갤러리아백화점 EAST점","9766149",1,5,0,"department_store","백화점","department_store","","","가정,생활 > 백화점 > 갤러리아백화점","","","02-3449-4114","서울 강남구 압구정동 515","서울 강남구 압구정로 407","127.0418814075","37.5279766452","http://place.map.kakao.com/9766149"
"롯데백화점 강남점","7863067",1,4,0,"department_store","백화점","department_store","","","가정,생활 > 백화점 > 롯데백화점","","","1577-0001","서울 강남구 대치동 937","서울 강남구 도곡로 401","127.0532811437","37.4969594907","http://place.map.kakao.com/7863067"
"캉카스백화점 강남메종","26859664",1,3,0,"department_store","백화점","department_store","","","가정,생활 > 백화점","","","1544-9559","서울 강남구 삼성동 45-15","서울 강남구 봉은사로 455","127.0492607936","37.5121810178","http://place.map.kakao.com/26859664"
"하우스오브신세계 청담","398041684",1,4,0,"department_store","백화점","department_store","","","가정,생활 > 백화점","","","1588-1234","서울 강남구 청담동 4-1","서울 강남구 도산대로 442","127.0441186703","37.5233113426","http://place.map.kakao.com/398041684"
"현대백화점 무역센터점","18384587",1,4,0,"department_store","백화점","department_store","","","가정,생활 > 백화점 > 현대백화점","","","02-552-2233","서울 강남구 삼성동 159-7","서울 강남구 테헤란로 517","127.0597747592","37.5086514358","http://place.map.kakao.com/18384587"
"현대백화점 압구정본점","21297272",1,5,0,"department_store","백화점","department_store","","","가정,생활 > 백화점 > 현대백화점","","","02-547-2233","서울 강남구 압구정동 429","서울 강남구 압구정로 165","127.0274681899","37.5273727007","http://place.map.kakao.com/21297272"
"강남역 먹자골목","309803194",0,4,0,"tourist_attraction","관광명소","tourist_attraction","","","여행 > 관광,명소 > 테마거리 > 먹자골목","AT4","관광명소","","서울 강남구 역삼동 800-48","","127.0269270998","37.5012842571","http://place.map.kakao.com/309803194"
"광수산","799577422",0,5,0,"tourist_attraction","관광명소","tourist_attraction","","","여행 > 관광,명소 > 산","AT4","관광명소","","서울 강남구 수서동 산 10-1","","127.0939067463","37.4886809594","http://place.map.kakao.com/799577422"
"구룡산나들길","26563538",0,5,0,"tourist_attraction","관광명소","tourist_attraction","","","여행 > 관광,명소 > 도보여행","AT4","관광명소","","서울 강남구 개포동","","127.0568900835","37.4721332253","http://place.map.kakao.com/26563538"
"논현가구거리","8216140",0,4,0,"tourist_attraction","관광명소","tourist_attraction","","","여행 > 관광,명소 > 테마거리","AT4","관광명소","","서울 강남구 논현동 55-16","서울 강남구 학동로 125","127.024779774","37.5124049315","http://place.map.kakao.com/8216140"
"대모산","10241368",0,5,0,"tourist_attraction","관광명소","tourist_attraction","","","여행 > 관광,명소 > 산","AT4","관광명소","","서울 강남구 일원동","","127.0790106836","37.4748280396","http://place.map.kakao.com/10241368"
"로이킴숲","27529620",0,4,0,"tourist_attraction","관광명소","tourist_attraction","","","여행 > 관광,명소 > 숲","AT4","관광명소","","서울 강남구 개포동 156","서울 강남구 선릉로18길 15","127.0604287258","37.4864863465","http://place.map.kakao.com/27529620"
"마루공원산책로","25700728",0,5,0,"tourist_attraction","관광명소","tourist_attraction","","","여행 > 관광,명소 > 숲","AT4","관광명소","","서울 강남구 개포동 18-1","","127.0806332704","37.4961438944","http://place.map.kakao.com/25700728"
"매봉산","573013991",0,5,0,"tourist_attraction","관광명소","tourist_attraction","","","여행 > 관광,명소 > 산","AT4","관광명소","","서울 강남구 도곡동 산 179-3","","127.0441108172","37.4907463225","http://place.map.kakao.com/573013991"
"서울테마산책길 강남구 양재천","1961815785",0,5,0,"tourist_attraction","관광명소","tourist_attraction","","","여행 > 관광,명소 > 도보여행","AT4","관광명소","","서울 강남구 대치동 513-3","","127.0626747734","37.4897828649","http://place.map.kakao.com/1961815785"
"선정릉나들길","26563540",0,5,0,"tourist_attraction","관광명소","tourist_attraction","","","여행 > 관광,명소 > 도보여행","AT4","관광명소","","서울 강남구 삼성동","","127.0513134104","37.5101006259","http://place.map.kakao.com/26563540"
"스머프매직포레스트","218343539",1,3,0,"tourist_attraction","관광명소","tourist_attraction","","","여행 > 관광,명소 > 테마파크","AT4","관광명소","02-564-1114","서울 강남구 역삼동 616-14","서울 강남구 강남대로106길 29","127.0278439607","37.5034906076","http://place.map.kakao.com/218343539"
"신사동가로수길","1072331783",0,5,0,"tourist_attraction","관광명소","tourist_attraction","","","여행 > 관광,명소 > 테마거리","AT4","관광명소","","서울 강남구 신사동 530","서울 강남구 압구정로 120","127.0228369772","37.5211558695","http://place.map.kakao.com/1072331783"
"신화숲","19469850",0,5,0,"tourist_attraction","관광명소","tourist_attraction","","","여행 > 관광,명소 > 숲","AT4","관광명소","","서울 강남구 개포동 1271","서울 강남구 개포로28길 47","127.0518033485","37.479275166","http://place.map.kakao.com/19469850"
"압구정로데오거리","7990409",0,5,0,"tourist_attraction","관광명소","tourist_attraction","","","여행 > 관광,명소 > 테마거리","AT4","관광명소","","서울 강남구 신사동 668-33","","127.0391520295","37.526755823","http://place.map.kakao.com/7990409"
"일원동맛의거리","27506532",0,3,0,"tourist_attraction","관광명소","tourist_attraction","","","여행 > 관광,명소 > 테마거리 > 먹자골목","AT4","관광명소","","서울 강남구 일원동","","127.0819649224","37.4895007545","http://place.map.kakao.com/27506532"
"롭스앤그레이","27594123",1,2,1,"drugstore","드럭스토어","drugstore","","","서비스,산업 > 법률,행정 > 변호사","","","02-2141-5900","서울 강남구 역삼동 735-3","서울 강남구 테헤란로 134","127.0335918878","37.4994354876","http://place.map.kakao.com/27594123"
"올리브베러 강남역점","1913991928",1,2,0,"drugstore","드럭스토어","drugstore","","","가정,생활 > 드럭스토어 > 올리브영","","","1577-4887","서울 강남구 역삼동 826","서울 강남구 강남대로 374","127.0290671177","37.4962894721","http://place.map.kakao.com/1913991928"
"올리브영 가로수길 타운","979788996",1,2,0,"drugstore","드럭스토어","drugstore","","","가정,생활 > 드럭스토어 > 올리브영","","","1577-4887","서울 강남구 신사동 537-8","서울 강남구 도산대로 133","127.0230079304","37.5179266411","http://place.map.kakao.com/979788996"
"올리브영 강남구청역점","13033012",1,2,0,"drugstore","드럭스토어","drugstore","","","가정,생활 > 드럭스토어 > 올리브영","","","02-546-5291","서울 강남구 논현동 119-2","서울 강남구 선릉로 703","127.0407761934","37.5177380388","http://place.map.kakao.com/13033012"
"올리브영 강남논현점","741335130",1,2,0,"drugstore","드럭스토어","drugstore","","","가정,생활 > 드럭스토어 > 올리브영","","","1577-4887","서울 강남구 논현동 182-29","서울 강남구 강남대로118길 11","127.024542617","37.5066277392","http://place.map.kakao.com/741335130"
"올리브영 강남우성점","13033019",1,2,0,"drugstore","드럭스토어","drugstore","","","가정,생활 > 드럭스토어 > 올리브영","","","1577-4887","서울 강남구 역삼동 832-7","서울 강남구 강남대로 320","127.0310465134","37.4918533111","http://place.map.kakao.com/13033019"
"올리브영 개포동점","957237114",1,2,0,"drugstore","드럭스토어","drugstore","","","가정,생활 > 드럭스토어 > 올리브영","","","1577-4887","서울 강남구 개포동 158-12","서울 강남구 선릉로 26","127.061483583","37.4822510629","http://place.map.kakao.com/957237114"
"올리브영 대치사거리점","726122138",1,2,0,"drugstore","드럭스토어","drugstore","","","가정,생활 > 드럭스토어 > 올리브영","","","1577-4887","서울 강남구 대치동 962-1","서울 강남구 삼성로 342","127.0593964308","37.5022274598","http://place.map.kakao.com/726122138"
"올리브영 대치역점","27467227",1,2,0,"drugstore","드럭스토어","drugstore","","","가정,생활 > 드럭스토어 > 올리브영","","","1577-4887","서울 강남구 대치동 507","서울 강남구 남부순환로 2936","127.0616680323","37.4934459892","http://place.map.kakao.com/27467227"
"올리브영 대치점","17592155",1,2,0,"drugstore","드럭스토어","drugstore","","","가정,생활 > 드럭스토어 > 올리브영","","","1577-4887","서울 강남구 대치동 1021-2","서울 강남구 도곡로 448","127.0594927285","37.4981638744","http://place.map.kakao.com/17592155"
"올리브영 봉은사역점","1608313735",1,2,0,"drugstore","드럭스토어","drugstore","","","가정,생활 > 드럭스토어 > 올리브영","","","1577-4887","서울 강남구 삼성동 107","서울 강남구 영동대로 602","127.0603780471","37.5148275128","http://place.map.kakao.com/1608313735"
"올리브영 삼성중앙역점","2051351542",1,2,0,"drugstore","드럭스토어","drugstore","","","가정,생활 > 드럭스토어 > 올리브영","","","1577-4887","서울 강남구 삼성동 49-9","서울 강남구 봉은사로 465","127.0503898096","37.5124760709","http://place.map.kakao.com/2051351542"
"올리브영 선릉로점","11910208",1,2,0,"drugstore","드럭스토어","drugstore","","","가정,생활 > 드럭스토어 > 올리브영","","","1577-4887","서울 강남구 대치동 889-71","서울 강남구 테헤란로64길 20","127.0513326899","37.5035692324","http://place.map.kakao.com/11910208"
"올리브영 선릉점","1797814998",1,2,0,"drugstore","드럭스토어","drugstore","","","가정,생활 > 드럭스토어 > 올리브영","","","1577-4887","서울 강남구 대치동 891","서울 강남구 테헤란로 424","127.0534681642","37.5054928325","http://place.map.kakao.com/1797814998"
"올리브영 선릉중앙점","18355803",1,2,0,"drugstore","드럭스토어","drugstore","","","가정,생활 > 드럭스토어 > 올리브영","","","1577-4887","서울 강남구 역삼동 707-5","서울 강남구 테헤란로 316","127.045537404","37.5030778575","http://place.map.kakao.com/18355803"
"올리브영 선릉타운점","1066439948",1,2,0,"drugstore","드럭스토어","drugstore","","","가정,생활 > 드럭스토어 > 올리브영","","","1577-4887","서울 강남구 삼성동 142-35","서울 강남구 테헤란로 411","127.0508748052","37.5054570367","http://place.map.kakao.com/1066439948"
"올리브영 세곡동점","900781164",1,2,0,"drugstore","드럭스토어","drugstore","","","가정,생활 > 드럭스토어 > 올리브영","","","1577-4887","서울 강남구 세곡동 613","서울 강남구 헌릉로569길 21-36","127.1002916973","37.4664955685","http://place.map.kakao.com/900781164"
"올리브영 세로수길점","1629854644",1,2,0,"drugstore","드럭스토어","drugstore","","","가정,생활 > 드럭스토어 > 올리브영","","","1577-4887","서울 강남구 신사동 534-24","서울 강남구 강남대로160길 45","127.0223289195","37.5206793361","http://place.map.kakao.com/1629854644"
"올리브영 수서역점","26984041",1,2,0,"drugstore","드럭스토어","drugstore","","","가정,생활 > 드럭스토어 > 올리브영","","","1577-4887","서울 강남구 수서동 713","서울 강남구 밤고개로1길 10","127.1019721986","37.4878417423","http://place.map.kakao.com/26984041"
"올리브영 신강남점","2088307487",1,2,0,"drugstore","드럭스토어","drugstore","","","가정,생활 > 드럭스토어 > 올리브영","","","1577-4887","서울 강남구 역삼동 813-5","서울 강남구 봉은사로2길 31","127.0264774424","37.5025502719","http://place.map.kakao.com/2088307487"
"올리브영 신논현역점","957996180",1,2,0,"drugstore","드럭스토어","drugstore","","","가정,생활 > 드럭스토어 > 올리브영","","","1577-4887","서울 강남구 역삼동 808","서울 강남구 강남대로 470","127.0250609759","37.5043291659","http://place.map.kakao.com/957996180"
"올리브영 신사점","1114533586",1,2,0,"drugstore","드럭스토어","drugstore","","","가정,생활 > 드럭스토어 > 올리브영","","","1577-4887","서울 강남구 논현동 3","서울 강남구 도산대로 116","127.0215144128","37.5166114575","http://place.map.kakao.com/1114533586"
"올리브영 압구정로데오역점","1357165713",1,2,0,"drugstore","드럭스토어","drugstore","","","가정,생활 > 드럭스토어 > 올리브영","","","1577-4887","서울 강남구 신사동 665-4","서울 강남구 선릉로 817","127.039424925","37.5250852743","http://place.map.kakao.com/1357165713"
"올리브영 압구정로데오점","19730259",1,2,0,"drugstore","드럭스토어","drugstore","","","가정,생활 > 드럭스토어 > 올리브영","","","1577-4887","서울 강남구 신사동 661-3","서울 강남구 압구정로 342","127.039504441","37.527850423","http://place.map.kakao.com/19730259"
"올리브영 압구정역점","11910220",1,2,0,"drugstore","드럭스토어","drugstore","","","가정,생활 > 드럭스토어 > 올리브영","","","1577-4887","서울 강남구 신사동 611","서울 강남구 논현로 878","127.0290859322","37.5272957282","http://place.map.kakao.com/11910220"
"올리브영 압구정점","11910221",1,2,0,"drugstore","드럭스토어","drugstore","","","가정,생활 > 드럭스토어 > 올리브영","","","1577-4887","서울 강남구 신사동 580-5","서울 강남구 논현로175길 6","127.0278162336","37.5262968228","http://place.map.kakao.com/11910221"
"올리브영 압구정중앙점","21459684",1,2,0,"drugstore","드럭스토어","drugstore","","","가정,생활 > 드럭스토어 > 올리브영","","","1577-4887","서울 강남구 신사동 599","서울 강남구 논현로 842","127.0286469487","37.5242432402","http://place.map.kakao.com/21459684"
"올리브영 양재스타클래스점","19161741",1,2,0,"drugstore","드럭스토어","drugstore","","","가정,생활 > 드럭스토어 > 올리브영","","","1577-4887","서울 강남구 도곡동 957-10","서울 강남구 남부순환로 2615","127.0361690642","37.4851240283","http://place.map.kakao.com/19161741"
"올리브영 언주역점","1794894296",1,2,0,"drugstore","드럭스토어","drugstore","","","가정,생활 > 드럭스토어 > 올리브영","","","1577-4887","서울 강남구 논현동 235-9","서울 강남구 봉은사로 209","127.0349313864","37.5078504907","http://place.map.kakao.com/1794894296"
"올리브영 역삼역점","20104849",1,2,0,"drugstore","드럭스토어","drugstore","","","가정,생활 > 드럭스토어 > 올리브영","","","1577-4887","서울 강남구 역삼동 736","서울 강남구 테헤란로 138","127.03429429","37.4997001815","http://place.map.kakao.com/20104849"
"올리브영 역삼점","11910225",1,2,0,"drugstore","드럭스토어","drugstore","","","가정,생활 > 드럭스토어 > 올리브영","","","1577-4887","서울 강남구 역삼동 822-5","서울 강남구 테헤란로 111","127.0292931565","37.4988536807","http://place.map.kakao.com/11910225"
"올리브영 역삼중앙점","548632463",1,2,0,"drugstore","드럭스토어","drugstore","","","가정,생활 > 드럭스토어 > 올리브영","","","1577-4887","서울 강남구 역삼동 642-19","서울 강남구 테헤란로 151","127.0360533985","37.5008898867","http://place.map.kakao.com/548632463"
"올리브영 일원역점","536490119",1,2,0,"drugstore","드럭스토어","drugstore","","","가정,생활 > 드럭스토어 > 올리브영","","","1577-4887","서울 강남구 일원동 717","서울 강남구 일원로 115","127.0844599445","37.4840208692","http://place.map.kakao.com/536490119"
"올리브영 청담역점","15290910",1,2,0,"drugstore","드럭스토어","drugstore","","","가정,생활 > 드럭스토어 > 올리브영","","","02-3445-2331","서울 강남구 청담동 76","서울 강남구 삼성로 716","127.0499988111","37.519792386","http://place.map.kakao.com/15290910"
"올리브영 코엑스몰점","26510870",1,2,0,"drugstore","드럭스토어","drugstore","","","가정,생활 > 드럭스토어 > 올리브영","","","1577-4887","서울 강남구 삼성동 159-6","","127.059095008","37.5100807711","http://place.map.kakao.com/26510870"
"올리브영 타워팰리스점","899234314",1,2,0,"drugstore","드럭스토어","drugstore","","","가정,생활 > 드럭스토어 > 올리브영","","","1577-4887","서울 강남구 도곡동 467-14","서울 강남구 언주로30길 39","127.053064886","37.4885928359","http://place.map.kakao.com/899234314"
"올리브영 테헤란로점","1348037351",1,2,0,"drugstore","드럭스토어","drugstore","","","가정,생활 > 드럭스토어 > 올리브영","","","1577-4887","서울 강남구 대치동 944","서울 강남구 테헤란로 514","127.059753424","37.5074260801","http://place.map.kakao.com/1348037351"
"올리브영 파르나스몰점","326841913",1,2,0,"drugstore","드럭스토어","drugstore","","","가정,생활 > 드럭스토어 > 올리브영","","","1577-4887","서울 강남구 삼성동 159-8","서울 강남구 테헤란로 521","127.0608089556","37.5091915107","http://place.map.kakao.com/326841913"
"올리브영 파르나스삼성 타운","388290530",1,2,0,"drugstore","드럭스토어","drugstore","","","가정,생활 > 드럭스토어 > 올리브영","","","1577-4887","서울 강남구 삼성동 159-8","서울 강남구 테헤란로 521","127.0608066935","37.5091915119","http://place.map.kakao.com/388290530"
"올리브영 포이사거리점","1607733040",1,2,0,"drugstore","드럭스토어","drugstore","","","가정,생활 > 드럭스토어 > 올리브영","","","1577-4887","서울 강남구 개포동 1229-4","서울 강남구 논현로 82","127.0453295796","37.4773262407","http://place.map.kakao.com/1607733040"
"올리브영 학동역점","620764187",1,2,0,"drugstore","드럭스토어","drugstore","","","가정,생활 > 드럭스토어 > 올리브영","","","1577-4887","서울 강남구 논현동 129-1","서울 강남구 논현로 667","127.0306562388","37.5135955809","http://place.map.kakao.com/620764187"
"올리브영 학동중앙점","693697299",1,2,0,"drugstore","드럭스토어","drugstore","","","가정,생활 > 드럭스토어 > 올리브영","","","1577-4887","서울 강남구 논현동 93","서울 강남구 도산대로 326","127.0376531214","37.5223819441","http://place.map.kakao.com/693697299"
"올리브영 한티역점","17137473",1,2,0,"drugstore","드럭스토어","drugstore","","","가정,생활 > 드럭스토어 > 올리브영","","","1577-4887","서울 강남구 대치동 936","서울 강남구 선릉로 312","127.0524944821","37.4975454971","http://place.map.kakao.com/17137473"
"올리브영 현대백화점무역센터점","253320417",1,2,0,"drugstore","드럭스토어","drugstore","","","가정,생활 > 드럭스토어 > 올리브영","","","02-2142-6270","서울 강남구 삼성동 159-7","서울 강남구 테헤란로 517","127.0595654564","37.5085722531","http://place.map.kakao.com/253320417"
"케이엘디벨롭스","627548708",1,2,0,"drugstore","드럭스토어","drugstore","","","서비스,산업 > 관리,운영","","","","서울 강남구 역삼동 746-15","서울 강남구 논현로77길 9","127.0377307439","37.4968051016","http://place.map.kakao.com/627548708"
"판도라 압구정영약국점","391649287",1,2,0,"drugstore","드럭스토어","drugstore","","","가정,생활 > 드럭스토어","","","02-518-9555","서울 강남구 신사동 582-4","서울 강남구 압구정로28길 25","127.0278383121","37.5248236791","http://place.map.kakao.com/391649287"
"하파크리스틴 올리브영압구정로데오점","1997511372",1,2,0,"drugstore","드럭스토어","drugstore","","","가정,생활 > 패션 > 패션잡화점 > 안경,렌즈 > 하파크리스틴","","","0502-5553-2245","서울 강남구 신사동 661-3","서울 강남구 압구정로 342","127.039504441","37.527850423","http://place.map.kakao.com/1997511372"
"한스킨 올리브영 강남교보사거리점","23445612",1,2,0,"drugstore","드럭스토어","drugstore","","","가정,생활 > 미용 > 화장품 > 한스킨","","","","서울 강남구 역삼동 809-10","서울 강남구 강남대로 456","127.0256317193","37.5031820634","http://place.map.kakao.com/23445612"
"한스킨 올리브영 신사점","23445743",1,2,0,"drugstore","드럭스토어","drugstore","","","가정,생활 > 미용 > 화장품 > 한스킨","","","02-516-5290","서울 강남구 논현동 3","서울 강남구 도산대로 116","127.0215415551","37.5165934325","http://place.map.kakao.com/23445743"
"갤러리 스페이스엘","347949050",1,1,0,"cultural_facility","문화시설","cultural_facility","","","문화,예술 > 문화시설 > 전시관","CT1","문화시설","","서울 서초구 반포동 107-39","서울 서초구 서래로5길 38","126.9962002895","37.4980121074","http://place.map.kakao.com/347949050"
"경암 이철호문학기념관","23105322",1,1,0,"cultural_facility","문화시설","cultural_facility","","","문화,예술 > 문화시설 > 문화원","CT1","문화시설","","서울 서초구 방배동 1345","서울 서초구 동광로12가길 2","126.9848032405","37.4877334019","http://place.map.kakao.com/23105322"
"국립국악원","12446320",1,2,0,"cultural_facility","문화시설","cultural_facility","","","문화,예술 > 문화시설 > 공연장,연극극장","CT1","문화시설","02-580-3300","서울 서초구 서초동 산 150-124","서울 서초구 남부순환로 2364","127.0088285701","37.4779247671","http://place.map.kakao.com/12446320"
"국립중앙도서관 기록매체박물관","872504715",1,3,0,"cultural_facility","문화시설","cultural_facility","","","문화,예술 > 문화시설 > 박물관","CT1","문화시설","","서울 서초구 반포동 산 57-1","서울 서초구 반포대로 201","127.0036685467","37.498351791","http://place.map.kakao.com/872504715"
"국악박물관","10137345",1,4,0,"cultural_facility","문화시설","cultural_facility","","","문화,예술 > 문화시설 > 박물관","CT1","문화시설","02-580-3130","서울 서초구 서초동 산 146-13","서울 서초구 남부순환로 2364","127.009582591","37.477415638","http://place.map.kakao.com/10137345"
"두리춤터","14105283",1,1,0,"cultural_facility","문화시설","cultural_facility","","","문화,예술 > 문화시설 > 공연장,연극극장","CT1","문화시설","02-533-2141","서울 서초구 방배동 794-29","서울 서초구 동광로19길 15","126.9891579641","37.493103887","http://place.map.kakao.com/14105283"
"디월트 고객체험센터","1780443891",1,2,0,"cultural_facility","문화시설","cultural_facility","","","문화,예술 > 문화시설 > 전시관","CT1","문화시설","02-6483-8500","서울 서초구 서초동 1443-15","서울 서초구 효령로 336","127.020985523","37.4860242041","http://place.map.kakao.com/1780443891"
"뤄니갤러리 서초점","425698620",1,2,0,"cultural_facility","문화시설","cultural_facility","","","문화,예술 > 문화시설 > 미술관","CT1","문화시설","070-5223-0124","서울 서초구 서초동 1627-2","서울 서초구 사임당로 66","127.0171871014","37.4889999462","http://place.map.kakao.com/425698620"
"매헌윤봉길의사기념관","8301233",0,4,0,"cultural_facility","문화시설","cultural_facility","","","문화,예술 > 문화시설 > 기념관","CT1","문화시설","02-578-0429","서울 서초구 양재동 236","서울 서초구 매헌로 99","127.0365696768","37.4696112238","http://place.map.kakao.com/8301233"
"메가박스 강남","10609442",1,1,0,"cultural_facility","문화시설","cultural_facility","","","문화,예술 > 영화,영상 > 영화관 > 메가박스","CT1","문화시설","1544-0070","서울 서초구 서초동 1317-20","서울 서초구 서초대로77길 3","127.0264170153","37.4979560555","http://place.map.kakao.com/10609442"
"메가박스 센트럴","7980397",1,1,0,"cultural_facility","문화시설","cultural_facility","","","문화,예술 > 영화,영상 > 영화관 > 메가박스","CT1","문화시설","1544-0070","서울 서초구 반포동 19-3","서울 서초구 신반포로 176","127.0030083791","37.5048642802","http://place.map.kakao.com/7980397"
"법원전시관","27495897",1,2,0,"cultural_facility","문화시설","cultural_facility","","","문화,예술 > 문화시설 > 전시관","CT1","문화시설","02-3480-1973","서울 서초구 서초동 967","서울 서초구 서초대로 219","127.0058484077","37.4924663266","http://place.map.kakao.com/27495897"
"비포선셋","487133420",1,1,0,"cultural_facility","문화시설","cultural_facility","","","문화,예술 > 문화시설 > 공연장,연극극장","CT1","문화시설","","서울 서초구 방배동 435-6","서울 서초구 방배천로18길 36-17","126.9848722002","37.482194011","http://place.map.kakao.com/487133420"
"정효문화재단","1733008202",1,2,0,"cultural_facility","문화시설","cultural_facility","","","문화,예술 > 문화시설 > 기념관","CT1","문화시설","","서울 서초구 서초동 1618-55","서울 서초구 사임당로18길 52-2","127.0196200518","37.4875417364","http://place.map.kakao.com/1733008202"
"서울아트나우갤러리","1132972146",1,2,0,"cultural_facility","문화시설","cultural_facility","","","문화,예술 > 문화시설 > 전시관","CT1","문화시설","02-572-7987","서울 서초구 서초동 1561-1","서울 서초구 반포대로24길 41-14","127.0117472782","37.4897691719","http://place.map.kakao.com/1132972146"
"서초수학박물관","27500688",1,2,0,"cultural_facility","문화시설","cultural_facility","","","문화,예술 > 문화시설 > 박물관","CT1","문화시설","02-597-2233","서울 서초구 방배동 869-8","서울 서초구 방배중앙로 82","126.9894754552","37.4869085871","http://place.map.kakao.com/27500688"
"솔뫼국악원","1739218741",1,1,0,"cultural_facility","문화시설","cultural_facility","","","문화,예술 > 문화시설 > 문화원","CT1","문화시설","010-4356-2113","서울 서초구 양재동 8-7","서울 서초구 남부순환로358길 20","127.0383518262","37.4840178026","http://place.map.kakao.com/1739218741"
"스페이스이수","2086852903",1,2,0,"cultural_facility","문화시설","cultural_facility","","","문화,예술 > 문화시설 > 전시관","CT1","문화시설","070-7737-7067","서울 서초구 반포동 112-4","서울 서초구 사평대로 84","126.9938933216","37.4980210208","http://place.map.kakao.com/2086852903"
"심산김창숙기념관","11985459",1,4,0,"cultural_facility","문화시설","cultural_facility","","","문화,예술 > 문화시설 > 기념관","CT1","문화시설","02-599-6551","서울 서초구 반포동 114-3","서울 서초구 사평대로 55","126.9912141704","37.4991200796","http://place.map.kakao.com/11985459"
"써포먼트갤러리","1773176494",1,2,0,"cultural_facility","문화시설","cultural_facility","","","문화,예술 > 문화시설 > 미술관","CT1","문화시설","02-537-0604","서울 서초구 반포동 96-1","서울 서초구 사평대로22길 41","126.9977608942","37.4976994981","http://place.map.kakao.com/1773176494"
"애니버셔리","189546992",0,4,0,"cultural_facility","문화시설","cultural_facility","","","문화,예술 > 문화시설 > 전시관","CT1","문화시설","","서울 서초구 반포동 650","서울 서초구 올림픽대로 2085-14","126.9958941694","37.5123696172","http://place.map.kakao.com/189546992"
"양재살롱관","206341945",1,1,0,"cultural_facility","문화시설","cultural_facility","","","문화,예술 > 문화시설 > 전시관","CT1","문화시설","0507-1347-5303","서울 서초구 양재동 90-2","서울 서초구 양재천로 125-10","127.0413563839","37.4786017255","http://place.map.kakao.com/206341945"
"예술의전당","17344023",1,4,0,"cultural_facility","문화시설","cultural_facility","","","문화,예술 > 문화시설 > 공연장,연극극장","CT1","문화시설","1668-1352","서울 서초구 서초동 700","서울 서초구 남부순환로 2406","127.0137535834","37.4794461013","http://place.map.kakao.com/17344023"
"예술의전당 서울서예박물관","7937104",1,3,0,"cultural_facility","문화시설","cultural_facility","","","문화,예술 > 문화시설 > 박물관","CT1","문화시설","02-580-1300","서울 서초구 서초동 산 130-27","서울 서초구 남부순환로 2406","127.0118619375","37.4783398669","http://place.map.kakao.com/7937104"
"오디움","721979898",1,5,0,"cultural_facility","문화시설","cultural_facility","","","문화,예술 > 문화시설 > 전시관","CT1","문화시설","02-574-5175","서울 서초구 신원동 560","서울 서초구 헌릉로8길 6","127.0589661059","37.4568970053","http://place.map.kakao.com/721979898"
"유나갤러리 강남","1597228873",1,2,0,"cultural_facility","문화시설","cultural_facility","","","문화,예술 > 문화시설 > 미술관","CT1","문화시설","02-523-1833","서울 서초구 서초동 1320-10","서울 서초구 서초대로74길 11","127.0269141213","37.4966332658","http://place.map.kakao.com/1597228873"
"전기박물관","10725431",1,4,0,"cultural_facility","문화시설","cultural_facility","","","문화,예술 > 문화시설 > 박물관","CT1","문화시설","02-2105-8190","서울 서초구 서초동 1355","서울 서초구 효령로72길 60","127.0281269252","37.4860046996","http://place.map.kakao.com/10725431"
"칼로스아트스페이스","1622257372",1,2,0,"cultural_facility","문화시설","cultural_facility","","","문화,예술 > 문화시설 > 미술관","CT1","문화시설","02-529-9129","서울 서초구 양재동 92-6","서울 서초구 양재천로 119","127.0411671194","37.4777656548","http://place.map.kakao.com/1622257372"
"터키이스탄불문화원","657647911",1,1,0,"cultural_facility","문화시설","cultural_facility","","","문화,예술 > 문화시설 > 문화원","CT1","문화시설","02-3452-8182","서울 서초구 서초동 1527-11","서울 서초구 효령로 223","127.0085024957","37.4837353984","http://place.map.kakao.com/657647911"
"페리지홀앤갤러리","19629735",1,2,0,"cultural_facility","문화시설","cultural_facility","","","문화,예술 > 문화시설 > 공연장,연극극장","CT1","문화시설","","서울 서초구 서초동 1451-51","서울 서초구 반포대로 18","127.0127353988","37.4822375415","http://place.map.kakao.com/19629735"
"풍류사랑방","1022020068",1,1,0,"cultural_facility","문화시설","cultural_facility","","","문화,예술 > 문화시설 > 공연장,연극극장","CT1","문화시설","02-580-3300","서울 서초구 서초동 산 150-124","서울 서초구 남부순환로 2364","127.0086318131","37.4775860021","http://place.map.kakao.com/1022020068"
"한원미술관","8145231",1,2,0,"cultural_facility","문화시설","cultural_facility","","","문화,예술 > 문화시설 > 미술관","CT1","문화시설","02-588-5642","서울 서초구 서초동 1449-12","서울 서초구 남부순환로 2423","127.0154397604","37.4817434662","http://place.map.kakao.com/8145231"
"한전아트센터","8142719",1,1,0,"cultural_facility","문화시설","cultural_facility","","","문화,예술 > 문화시설 > 공연장,연극극장","CT1","문화시설","02-2105-8133","서울 서초구 서초동 1355","서울 서초구 효령로72길 60","127.0286741478","37.4859288834","http://place.map.kakao.com/8142719"
"신세계백화점 강남점","22386977",1,5,0,"department_store","백화점","department_store","","","가정,생활 > 백화점 > 신세계백화점","","","1588-1234","서울 서초구 반포동 19-3","서울 서초구 신반포로 176","127.0043203292","37.5053057321","http://place.map.kakao.com/22386977"
"올리브영 NC강남점","180432309",1,2,0,"drugstore","드럭스토어","drugstore","","","가정,생활 > 드럭스토어 > 올리브영","","","1577-4887","서울 서초구 잠원동 70","서울 서초구 잠원로 37-6","127.0080754599","37.5079932333","http://place.map.kakao.com/180432309"
"올리브영 강남엔터식스점","425483504",1,2,0,"drugstore","드럭스토어","drugstore","","","가정,생활 > 드럭스토어 > 올리브영","","","1577-4887","서울 서초구 반포동 19-11","서울 서초구 신반포로 지하 188","127.0049423424","37.5049453056","http://place.map.kakao.com/425483504"
"올리브영 강남타운점","1940770088",1,2,0,"drugstore","드럭스토어","drugstore","","","가정,생활 > 드럭스토어 > 올리브영","","","1577-4887","서울 서초구 서초동 1305-8","서울 서초구 강남대로 429","127.025893248","37.5007195575","http://place.map.kakao.com/1940770088"
"올리브영 남부터미널점","11910199",1,2,0,"drugstore","드럭스토어","drugstore","","","가정,생활 > 드럭스토어 > 올리브영","","","1577-4887","서울 서초구 서초동 1602-3","서울 서초구 효령로 283","127.0150243479","37.4850195872","http://place.map.kakao.com/11910199"
"올리브영 내방역점","25979336",1,2,0,"drugstore","드럭스토어","drugstore","","","가정,생활 > 드럭스토어 > 올리브영","","","1577-4887","서울 서초구 방배동 851-4","서울 서초구 방배로 178","126.9928514813","37.4894343648","http://place.map.kakao.com/25979336"
"올리브영 방배이수점","20104748",1,2,0,"drugstore","드럭스토어","drugstore","","","가정,생활 > 드럭스토어 > 올리브영","","","1577-4887","서울 서초구 방배동 1671","서울 서초구 동작대로 118","126.9826855956","37.4869654517","http://place.map.kakao.com/20104748"
"올리브영 방배점","289813593",1,2,0,"drugstore","드럭스토어","drugstore","","","가정,생활 > 드럭스토어 > 올리브영","","","1577-4887","서울 서초구 방배동 909-6","서울 서초구 방배로 83","126.9970592493","37.4818822928","http://place.map.kakao.com/289813593"
"올리브영 서래마을점","20104773",1,2,0,"drugstore","드럭스토어","drugstore","","","가정,생활 > 드럭스토어 > 올리브영","","","1577-4887","서울 서초구 반포동 95-3","서울 서초구 서래로 39","126.9982618452","37.4985887998","http://place.map.kakao.com/20104773"
"올리브영 서초대로점","965628377",1,2,0,"drugstore","드럭스토어","drugstore","","","가정,생활 > 드럭스토어 > 올리브영","","","1577-4887","서울 서초구 서초동 1674-1","서울 서초구 서초대로 314","127.0157724931","37.4940701122","http://place.map.kakao.com/965628377"
"올리브영 서초역점","27560687",1,2,0,"drugstore","드럭스토어","drugstore","","","가정,생활 > 드럭스토어 > 올리브영","","","1577-4887","서울 서초구 서초동 1543-11","서울 서초구 반포대로 110","127.0089351368","37.4898856481","http://place.map.kakao.com/27560687"
"올리브영 서초우성점","98202105",1,2,0,"drugstore","드럭스토어","drugstore","","","가정,생활 > 드럭스토어 > 올리브영","","","1577-4887","서울 서초구 서초동 1337-32","서울 서초구 강남대로 331","127.0296536836","37.4925690686","http://place.map.kakao.com/98202105"
"올리브영 서초타운점","17600299",1,2,0,"drugstore","드럭스토어","drugstore","","","가정,생활 > 드럭스토어 > 올리브영","","","1577-4887","서울 서초구 서초동 1327-11","서울 서초구 서초대로78길 32","127.0280217343","37.4949859679","http://place.map.kakao.com/17600299"
"올리브영 센트럴 강남 타운","1044909318",1,2,0,"drugstore","드럭스토어","drugstore","","","가정,생활 > 드럭스토어 > 올리브영","","","1577-4887","서울 서초구 서초동 1318-4","서울 서초구 강남대로 403","127.0268152593","37.4984578263","http://place.map.kakao.com/1044909318"
"올리브영 신논현점","11910212",1,2,0,"drugstore","드럭스토어","drugstore","","","가정,생활 > 드럭스토어 > 올리브영","","","1577-4887","서울 서초구 반포동 748-1","서울 서초구 강남대로 483","127.0237199618","37.5052971226","http://place.map.kakao.com/11910212"
"올리브영 신사서초점","957191350",1,2,0,"drugstore","드럭스토어","drugstore","","","가정,생활 > 드럭스토어 > 올리브영","","","1577-4887","서울 서초구 잠원동 27-2","서울 서초구 강남대로 589","127.0196644003","37.5143727857","http://place.map.kakao.com/957191350"
"올리브영 씨제이ENM커머스부문점","616106981",1,2,0,"drugstore","드럭스토어","drugstore","","","가정,생활 > 드럭스토어 > 올리브영","","","02-2107-0268","서울 서초구 방배동 2724","서울 서초구 과천대로 870-13","126.9876816992","37.4690945552","http://place.map.kakao.com/616106981"
"올리브영 양재역점","18055053",1,2,0,"drugstore","드럭스토어","drugstore","","","가정,생활 > 드럭스토어 > 올리브영","","","1577-4887","서울 서초구 서초동 1366-9","서울 서초구 남부순환로 지하 2585","127.0344172458","37.4842352563","http://place.map.kakao.com/18055053"
"올리브영 양재하나로클럽점","26344924",1,2,0,"drugstore","드럭스토어","drugstore","","","가정,생활 > 드럭스토어 > 올리브영","","","02-573-5290","서울 서초구 양재동 230","서울 서초구 청계산로 10","127.0435317366","37.4632297048","http://place.map.kakao.com/26344924"
"하파크리스틴 올리브영센트럴강남타운점","653745804",1,2,0,"drugstore","드럭스토어","drugstore","","","가정,생활 > 패션 > 패션잡화점 > 안경,렌즈 > 하파크리스틴","","","010-9977-0234","서울 서초구 서초동 1318-4","서울 서초구 강남대로 403","127.0268152593","37.4984578263","http://place.map.kakao.com/653745804"
"동작노을카페","752529399",1,1,0,"tourist_attraction","관광명소","tourist_attraction","","","여행 > 관광,명소 > 전망대","AT4","관광명소","","서울 서초구 반포동 1333-1","","126.9810729766","37.5058448979","http://place.map.kakao.com/752529399"
"매봉재산","8329499",0,5,0,"tourist_attraction","관광명소","tourist_attraction","","","여행 > 관광,명소 > 산","AT4","관광명소","","서울 서초구 방배동","","126.9965586182","37.4767600415","http://place.map.kakao.com/8329499"
"방배동먹자골목","27600592",0,5,0,"tourist_attraction","관광명소","tourist_attraction","","","여행 > 관광,명소 > 테마거리 > 먹자골목","AT4","관광명소","","서울 서초구 방배동","","126.9961241954","37.4824363862","http://place.map.kakao.com/27600592"
"방배동사이길","26314489",0,4,0,"tourist_attraction","관광명소","tourist_attraction","","","여행 > 관광,명소 > 테마거리","AT4","관광명소","","서울 서초구 방배동 32-2","","126.9902116772","37.4945239661","http://place.map.kakao.com/26314489"
"방배동카페골목","7887234",0,5,0,"tourist_attraction","관광명소","tourist_attraction","","","여행 > 관광,명소 > 테마거리 > 카페거리","AT4","관광명소","","서울 서초구 방배동 767-27","","126.9861091041","37.4944226422","http://place.map.kakao.com/7887234"
"서래마을카페거리","27278541",0,5,0,"tourist_attraction","관광명소","tourist_attraction","","","여행 > 관광,명소 > 테마거리 > 카페거리","AT4","관광명소","","서울 서초구 반포동 126","","126.9983805933","37.4983013805","http://place.map.kakao.com/27278541"
"서래섬","7937294",0,5,0,"tourist_attraction","관광명소","tourist_attraction","","","여행 > 관광,명소 > 섬 > 섬(내륙)","AT4","관광명소","02-3780-0541","서울 서초구 반포동 137-41","","126.9899294228","37.5080210112","http://place.map.kakao.com/7937294"
"서울명예도로 무지개길","236287090",0,5,0,"tourist_attraction","관광명소","tourist_attraction","","","여행 > 관광,명소 > 도보여행","AT4","관광명소","","서울 서초구 서초동 1391","","127.0249388191","37.500890053","http://place.map.kakao.com/236287090"
"서울테마산책길 서초구 양재천","1760308289",0,5,0,"tourist_attraction","관광명소","tourist_attraction","","","여행 > 관광,명소 > 도보여행","AT4","관광명소","","서울 서초구 우면동 143","","127.0294623428","37.466045206","http://place.map.kakao.com/1760308289"
"서초 우면산숲길","958369226",0,5,0,"tourist_attraction","관광명소","tourist_attraction","","","여행 > 관광,명소 > 도보여행 > 둘레길","AT4","관광명소","","서울 서초구 서초동 산 54-6","","127.0180221268","37.4818602317","http://place.map.kakao.com/958369226"
"지민숲","1464429085",0,3,0,"tourist_attraction","관광명소","tourist_attraction","","","여행 > 관광,명소 > 숲","AT4","관광명소","","서울 서초구 잠원동 147-1","","127.0118326341","37.5219197329","http://place.map.kakao.com/1464429085"
"케미스트릿 강남역","1971360675",0,5,0,"tourist_attraction","관광명소","tourist_attraction","","","여행 > 관광,명소 > 테마거리","AT4","관광명소","","서울 서초구 서초동 1393","","127.0255923612","37.5005277088","http://place.map.kakao.com/1971360675"
"피천득산책로","116598132",0,5,0,"tourist_attraction","관광명소","tourist_attraction","","","여행 > 관광,명소 > 도보여행","AT4","관광명소","","서울 서초구 반포동 117-11","","126.9916438503","37.4996192683","http://place.map.kakao.com/116598132"
"허밍웨이길","26563630",0,5,0,"tourist_attraction","관광명소","tourist_attraction","","","여행 > 관광,명소 > 도보여행","AT4","관광명소","","서울 서초구 반포동","","126.9914775765","37.4999084794","http://place.map.kakao.com/26563630"
